Workbook

Sheet Specialty Whips
A1: Whip ID | B1: Specialty Tag | C1: Series | D1: Specialty Slug | E1: Specialty Variant | F1: Primary Color | G1: Secondary Color | H1: Handle Design | I1: Whip Length | J1: Handle Length | K1: Concho | L1: Concho Diameter (in) | M1: Collar | N1: Heel Loop | O1: Waxed | P1: Photo: Wide | Q1: Photo: Wide 2 | R1: Photo: Transition | S1: Photo: Thong | T1: Photo: Handle | U1: Photo: Handle 2 | V1: Photo: Handle 3 | W1: Photo: Concho | X1: Photo: Concho 2 | Y1: Photo: Heel | Z1: Specialty Notes | AA1: Notes
A2: BW592(Indy67) | B2: Indy | D2: indy | E2: Raider | H2: Box | I2: 8 Feet | J2: 8 Inches | K2: Celtic Copper | L2: =IFERROR(VLOOKUP(K2,Conchos!$A$2:$B$100,2,FALSE),"") -> 0 | M2: None | N2: Rounded with Heel Loop | O2: Yes | P2: https://whipworks.s3.us-east-2.amazonaws.com/gallery/specialty/BW592Indy67RaiderWide.jpg | R2: https://whipworks.s3.us-east-2.amazonaws.com/gallery/specialty/BW592Indy67RaiderTransition.jpg | T2: https://whipworks.s3.us-east-2.amazonaws.com/gallery/specialty/BW592Indy67RaiderHandle.jpg | Z2: Thong: Herringbone
A3: BW524(Indy56) | B3: Indy | D3: indy | E3: Raider | H3: Box | I3: 10 Feet | J3: 8 Inches | K3: Celtic Copper | L3: =IFERROR(VLOOKUP(K3,Conchos!$A$2:$B$100,2,FALSE),"") -> 0 | M3: None | N3: Rounded with Heel Loop | O3: Yes | P3: https://whipworks.s3.us-east-2.amazonaws.com/gallery/specialty/BW524Indy56RaiderWide.jpg | R3: https://whipworks.s3.us-east-2.amazonaws.com/gallery/specialty/BW524Indy56RaiderTransition.jpg | T3: https://whipworks.s3.us-east-2.amazonaws.com/gallery/specialty/BW524Indy56RaiderHandle.jpg | W3: https://whipworks.s3.us-east-2.amazonaws.com/gallery/specialty/BW524Indy56RaiderConcho.jpg | Z3: Thong: Herringbone
A4: BW310(Indy34) | B4: Indy | D4: indy | E4: Kingdom Finder | H4: Box | I4: 8 Feet | J4: 8 Inches | K4: Celtic Copper | L4: =IFERROR(VLOOKUP(K4,Conchos!$A$2:$B$100,2,FALSE),"") -> 0 | M4: None | N4: Rounded with Heel Loop | O4: Yes | P4: https://whipworks.s3.us-east-2.amazonaws.com/gallery/specialty/BW310Indy34KFWide.jpg | R4: https://whipworks.s3.us-east-2.amazonaws.com/gallery/specialty/BW310Indy34KFTransition.jpg | S4: https://whipworks.s3.us-east-2.amazonaws.com/gallery/specialty/BW310Indy34KFThong.jpg | W4: https://whipworks.s3.us-east-2.amazonaws.com/gallery/specialty/BW310Indy34KFConcho.jpg | Z4: Thong: Herringbone
A5: BW359(Indy37) | B5: Indy | D5: indy | E5: Junior | H5: Box | I5: 8 Feet | J5: 8 Inches | K5: Celtic Copper | L5: =IFERROR(VLOOKUP(K5,Conchos!$A$2:$B$100,2,FALSE),"") -> 0 | M5: None | N5: Rounded with Heel Loop | O5: Yes | P5: https://whipworks.s3.us-east-2.amazonaws.com/gallery/specialty/BW359Indy37JnrWide.jpg | R5: https://whipworks.s3.us-east-2.amazonaws.com/gallery/specialty/BW359Indy37JnrTransition.jpg | T5: https://whipworks.s3.us-east-2.amazonaws.com/gallery/specialty/BW359Indy37JnrHandle.jpg | W5: https://whipworks.s3.us-east-2.amazonaws.com/gallery/specialty/BW359Indy37JnrConcho.jpg | Z5: Thong: Herringbone
A6: BW541(Belmont1) | B6: Belmont | D6: belmont | H6: Rivet | I6: 8 Feet | J6: 10 Inches | K6: Celtic Brass | L6: =IFERROR(VLOOKUP(K6,Conchos!$A$2:$B$100,2,FALSE),"") -> 0 | M6: None | N6: Squared | O6: Yes | P6: https://whipworks.s3.us-east-2.amazonaws.com/gallery/specialty/BW541Belmont1Wide.jpg | R6: https://whipworks.s3.us-east-2.amazonaws.com/gallery/specialty/BW541Belmont1Transition.jpg | S6: https://whipworks.s3.us-east-2.amazonaws.com/gallery/specialty/BW541Belmont1Thong.jpg | T6: https://whipworks.s3.us-east-2.amazonaws.com/gallery/specialty/BW541Belmont1Handle.jpg | W6: https://whipworks.s3.us-east-2.amazonaws.com/gallery/specialty/BW541Belmont1Concho.jpg | Z6: Thong: Herringbone. Handle pattern is "Rivet" — non-standard for design page.
A7: BW599(Belmont2) | B7: Belmont | D7: belmont | H7: Rivet | I7: 10 Feet | J7: 10 Inches | K7: Celtic Brass | L7: =IFERROR(VLOOKUP(K7,Conchos!$A$2:$B$100,2,FALSE),"") -> 0 | M7: None | N7: Squared | O7: Yes | P7: https://whipworks.s3.us-east-2.amazonaws.com/gallery/specialty/BW599Belmont2Wide.jpg | R7: https://whipworks.s3.us-east-2.amazonaws.com/gallery/specialty/BW599Belmont2Transition.jpg | T7: https://whipworks.s3.us-east-2.amazonaws.com/gallery/specialty/BW599Belmont2Handle.jpg | Z7: Thong: Herringbone. Handle pattern is "Rivet" — non-standard for design page.
A8: BW598(CW35) | B8: CW | D8: catwhip | E8: Classic Black | H8: Herringbone | I8: 8 Feet | J8: 10 Inches | K8: Celtic Silver | L8: =IFERROR(VLOOKUP(K8,Conchos!$A$2:$B$100,2,FALSE),"") -> 0 | M8: None | N8: Rounded | O8: Yes | P8: https://whipworks.s3.us-east-2.amazonaws.com/gallery/specialty/BW598CW35Wide.jpg | R8: https://whipworks.s3.us-east-2.amazonaws.com/gallery/specialty/BW598CW35Transition.jpg | S8: https://whipworks.s3.us-east-2.amazonaws.com/gallery/specialty/BW598CW35Thong.jpg | T8: https://whipworks.s3.us-east-2.amazonaws.com/gallery/specialty/BW598CW35Handle.jpg | W8: https://whipworks.s3.us-east-2.amazonaws.com/gallery/specialty/BW598CW35Concho.jpg | Z8: Thong: Herringbone. No mid-knot — clean lines.
A9: BW496(CW29) | B9: CW | D9: catwhip | E9: Red Devil | H9: Herringbone | I9: 8 Feet | J9: 10 Inches | K9: Celtic Silver | L9: =IFERROR(VLOOKUP(K9,Conchos!$A$2:$B$100,2,FALSE),"") -> 0 | M9: None | N9: Rounded | O9: Yes | P9: https://whipworks.s3.us-east-2.amazonaws.com/gallery/specialty/BW496CW29Wide.jpg | R9: https://whipworks.s3.us-east-2.amazonaws.com/gallery/specialty/BW496CW29Transition.jpg | T9: https://whipworks.s3.us-east-2.amazonaws.com/gallery/specialty/BW496CW29Handle.jpg | Z9: Thong: Herringbone. No mid-knot — clean lines.
A10: BW333(ZW3) | B10: ZW | D10: zwhip | H10: Z Vertical Strip | I10: 8 Feet | J10: 12 Inches | K10: Celtic Silver | L10: =IFERROR(VLOOKUP(K10,Conchos!$A$2:$B$100,2,FALSE),"") -> 0 | M10: Silver | N10: Squared | O10: Yes | P10: https://whipworks.s3.us-east-2.amazonaws.com/gallery/specialty/BW333ZW3Wide.jpg | R10: https://whipworks.s3.us-east-2.amazonaws.com/gallery/specialty/BW333ZW3Transition.jpg | T10: https://whipworks.s3.us-east-2.amazonaws.com/gallery/specialty/BW333ZW3Handle.jpg | W10: https://whipworks.s3.us-east-2.amazonaws.com/gallery/specialty/BW333ZW3Concho.jpg | Z10: Thong: Herringbone. Handle pattern is "Z Vertical Strip" — non-standard for design page.
A11: BW597(ZW10) | B11: ZW | D11: zwhip | H11: Z Vertical Strip | I11: 10 Feet | J11: 12 Inches | K11: Celtic Silver | L11: =IFERROR(VLOOKUP(K11,Conchos!$A$2:$B$100,2,FALSE),"") -> 0 | M11: Silver | N11: Squared | O11: Yes | P11: https://whipworks.s3.us-east-2.amazonaws.com/gallery/specialty/BW597ZW10Wide.jpg | R11: https://whipworks.s3.us-east-2.amazonaws.com/gallery/specialty/BW597ZW10Transition.jpg | T11: https://whipworks.s3.us-east-2.amazonaws.com/gallery/specialty/BW597ZW10Handle.jpg | Z11: Thong: Herringbone. Handle pattern is "Z Vertical Strip" — non-standard for design page.
A12: BW511(Mando1) | B12: Mando | D12: mando | H12: Space Armor | I12: 7 Feet | J12: 10 Inches | K12: Celtic Brass | L12: =IFERROR(VLOOKUP(K12,Conchos!$A$2:$B$100,2,FALSE),"") -> 0 | M12: Brass | N12: Squared | O12: Yes | P12: https://whipworks.s3.us-east-2.amazonaws.com/gallery/specialty/BW511Mando1Wide.jpg | R12: https://whipworks.s3.us-east-2.amazonaws.com/gallery/specialty/BW511Mando1Transition.jpg | S12: https://whipworks.s3.us-east-2.amazonaws.com/gallery/specialty/BW511Mando1Thong.jpg | T12: https://whipworks.s3.us-east-2.amazonaws.com/gallery/specialty/BW511Mando1Handle.jpg | W12: https://whipworks.s3.us-east-2.amazonaws.com/gallery/specialty/BW511Mando1Concho.jpg | Z12: Thong: Stay on Target. Handle: Space Armor (custom). Forest/foliage green with crimson accents per description.
A13: BW313(OWB1) | B13: OWB | D13: oneWinged | H13: Vertical Strip | I13: 10 Feet | J13: 14 Inches | K13: Celtic Brass | L13: =IFERROR(VLOOKUP(K13,Conchos!$A$2:$B$100,2,FALSE),"") -> 0 | M13: None | N13: Squared | O13: Yes | P13: https://whipworks.s3.us-east-2.amazonaws.com/gallery/specialty/BW313OWB1Wide.jpg | R13: https://whipworks.s3.us-east-2.amazonaws.com/gallery/specialty/BW313OWB1Transition.jpg | T13: https://whipworks.s3.us-east-2.amazonaws.com/gallery/specialty/BW313OWB1Handle.jpg | W13: https://whipworks.s3.us-east-2.amazonaws.com/gallery/specialty/BW313OWB1Concho.jpg | Y13: https://whipworks.s3.us-east-2.amazonaws.com/gallery/specialty/BW313OWB1Heel.jpg | Z13: Thong: Herringbone. Tsuka-Maki blue Ito wrap on handle (silver/gold base, blue Ito accent).
A14: BW600(HQ1) | B14: HQ | D14: harlequin | H14: Harlequin | I14: 7 Feet | J14: 10 Inches | K14: Celtic Pirate Skull | L14: =IFERROR(VLOOKUP(K14,Conchos!$A$2:$B$100,2,FALSE),"") | M14: None | N14: Squared | O14: Yes | P14: https://whipworks.s3.us-east-2.amazonaws.com/gallery/specialty/BW600HQ1Wide.jpg | R14: https://whipworks.s3.us-east-2.amazonaws.com/gallery/specialty/BW600HQ1Transition.jpg | S14: https://whipworks.s3.us-east-2.amazonaws.com/gallery/specialty/BW600HQ1Thong.jpg | T14: https://whipworks.s3.us-east-2.amazonaws.com/gallery/specialty/BW600HQ1Handle.jpg | U14: https://whipworks.s3.us-east-2.amazonaws.com/gallery/specialty/BW600HQ1Handle2.jpg | W14: https://whipworks.s3.us-east-2.amazonaws.com/gallery/specialty/BW600HQ1Concho.jpg | Y14: https://whipworks.s3.us-east-2.amazonaws.com/gallery/specialty/BW600HQ1Heel.jpg | Z14: Thong: Inverted Diamond. Three-color showstopper. Concho: "Celtic Pirate Skull" (custom) — possibly Pirate Skull alias.
A15: BW602(JB1) | B15: JB | D15: jokingBullwhip | H15: Joking Bullwhip | I15: 7 Feet | J15: 12 Inches | K15: Celtic Brass | L15: =IFERROR(VLOOKUP(K15,Conchos!$A$2:$B$100,2,FALSE),"") -> 0 | M15: None | N15: Squared | O15: Yes | P15: https://whipworks.s3.us-east-2.amazonaws.com/gallery/specialty/BW602JB1Wide.jpg | R15: https://whipworks.s3.us-east-2.amazonaws.com/gallery/specialty/BW602JB1Transition.jpg | S15: https://whipworks.s3.us-east-2.amazonaws.com/gallery/specialty/BW602JB1Thong.jpg | T15: https://whipworks.s3.us-east-2.amazonaws.com/gallery/specialty/BW602JB1Handle.jpg | W15: https://whipworks.s3.us-east-2.amazonaws.com/gallery/specialty/BW602JB1Concho.jpg | Z15: Thong: Alternating Diamond. Acid purple / neon green per description.
A16: BW1025(BS1) | B16: BS | D16: blacksmith | H16: Runic | I16: 8 Feet | J16: 10 Inches | K16: Celtic Copper | L16: =IFERROR(VLOOKUP(K16,Conchos!$A$2:$B$100,2,FALSE),"") -> 0 | M16: Copper | N16: Squared | O16: Yes | P16: https://whipworks.s3.us-east-2.amazonaws.com/gallery/specialty/BW1025Blacksmith1Wide.jpg | R16: https://whipworks.s3.us-east-2.amazonaws.com/gallery/specialty/BW1025Blacksmith1Transition.jpg | S16: https://whipworks.s3.us-east-2.amazonaws.com/gallery/specialty/BW1025Blacksmith1Thong.jpg | T16: https://whipworks.s3.us-east-2.amazonaws.com/gallery/specialty/BW1025Blacksmith1Handle.jpg | U16: https://whipworks.s3.us-east-2.amazonaws.com/gallery/specialty/BW1025Blacksmith1Handle2.jpg | W16: https://whipworks.s3.us-east-2.amazonaws.com/gallery/specialty/BW1025Blacksmith1Concho.jpg | Z16: Thong: Thor's Hammer. Runes: Inspiration / Love (Elder Futhark). Rust + black + copper hardware per description.
A17: BW309(SSB1) | B17: SS | D17: starSpangled | H17: Stars | I17: 6 Feet | J17: 10 Inches | K17: American Eagle | L17: =IFERROR(VLOOKUP(K17,Conchos!$A$2:$B$100,2,FALSE),"") -> 0 | M17: None | N17: Squared | O17: Yes | P17: https://whipworks.s3.us-east-2.amazonaws.com/gallery/specialty/BW309SSB1Wide.jpg | R17: https://whipworks.s3.us-east-2.amazonaws.com/gallery/specialty/BW309SSB1Transition.jpg | T17: https://whipworks.s3.us-east-2.amazonaws.com/gallery/specialty/BW309SSB1Handle.jpg | W17: https://whipworks.s3.us-east-2.amazonaws.com/gallery/specialty/BW309SSB1Concho.jpg | Z17: Thong: Herringbone. Handle: Stars (custom). Red/white/blue per description.
A18: BW1015(40K1NL1) | B18: NL | C18: 40K | D18: nightlord | H18: Nostramo Skull | I18: 8 Feet | J18: 12 Inches | K18: Brass Skull and Snakes | L18: =IFERROR(VLOOKUP(K18,Conchos!$A$2:$B$100,2,FALSE),"") | M18: Brass | N18: Squared | O18: Yes | P18: https://whipworks.s3.us-east-2.amazonaws.com/gallery/specialty/BW101540K1NightlordWide.jpg | Q18: https://whipworks.s3.us-east-2.amazonaws.com/gallery/specialty/BW101540K1NightlordWide2.jpg | R18: https://whipworks.s3.us-east-2.amazonaws.com/gallery/specialty/BW101540K1NightlordTransition.jpg | S18: https://whipworks.s3.us-east-2.amazonaws.com/gallery/specialty/BW101540K1NightlordThong.jpg | T18: https://whipworks.s3.us-east-2.amazonaws.com/gallery/specialty/BW101540K1NightlordHandle.jpg | U18: https://whipworks.s3.us-east-2.amazonaws.com/gallery/specialty/BW101540K1NightlordHandle2.jpg | W18: https://whipworks.s3.us-east-2.amazonaws.com/gallery/specialty/BW101540K1NightlordConcho.jpg | Y18: https://whipworks.s3.us-east-2.amazonaws.com/gallery/specialty/BW101540K1NightlordHeel.jpg | Z18: Thong: Herringbone. Handle: Nostramo Skull (custom). Concho: Brass Skull and Snakes (custom). Midnight blue + gold + neon turquoise accents per description.
A19: BW1026(40K2Ultra1) | B19: Ultra | C19: 40K | D19: ultraWhip | H19: Ultima Gladius | I19: 8 Feet | J19: 12 Inches | K19: Pirate Skull | L19: =IFERROR(VLOOKUP(K19,Conchos!$A$2:$B$100,2,FALSE),"") -> 0 | M19: Brass | N19: Squared | O19: Yes | P19: https://whipworks.s3.us-east-2.amazonaws.com/gallery/specialty/BW102640K2UltraWide.jpg | R19: https://whipworks.s3.us-east-2.amazonaws.com/gallery/specialty/BW102640K2UltraTransition.jpg | S19: https://whipworks.s3.us-east-2.amazonaws.com/gallery/specialty/BW102640K2UltraThong.jpg | T19: https://whipworks.s3.us-east-2.amazonaws.com/gallery/specialty/BW102640K2UltraHandle.jpg | U19: https://whipworks.s3.us-east-2.amazonaws.com/gallery/specialty/BW102640K2UltraHandle2.jpg | W19: https://whipworks.s3.us-east-2.amazonaws.com/gallery/specialty/BW102640K2UltraConcho.jpg | Z19: Thong: Ancient Banner. Handle: Ultima Gladius (custom). Royal blue + gold per description.
A20: (Pride template) | B20: Pride | D20: pride | I20: 6 Feet | J20: 10 Inches | K20: Lady Liberty | L20: =IFERROR(VLOOKUP(K20,Conchos!$A$2:$B$100,2,FALSE),"") -> 0 | M20: None | N20: Squared | O20: Yes | P20: https://d3ruufruf2uqog.cloudfront.net/specialty/pride/prideThumbnail.jpg | Q20: https://d3ruufruf2uqog.cloudfront.net/specialty/pride/pride1.jpg | R20: https://d3ruufruf2uqog.cloudfront.net/specialty/pride/pride2.jpg | S20: https://d3ruufruf2uqog.cloudfront.net/specialty/pride/pride3.jpg | T20: https://d3ruufruf2uqog.cloudfront.net/specialty/pride/pride4.jpg | Z20: PLACEHOLDER: Pride markdown has no BW-numbered photos. Replace with actual whip ID when you photograph a specific Pride build. Plaited in rainbow colors with Lady Liberty concho. Heel knot color is customer-selectable (Galaxy/Red/Orange/Yellow/Purple/Blue/Green).
A21: BW1080(40K6EB2) | B21: EB | C21: 40K | D21: emperorsBullwhip | H21: Third Legion | I21: 8 Feet | J21: 12 Inches | K21: Cone Pommel | L21: =IFERROR(VLOOKUP(K21,Conchos!$A$2:$B$100,2,FALSE),"") | M21: Brass | N21: Squared | O21: Yes | P21: https://whipworks.s3.us-east-2.amazonaws.com/gallery/specialty/BW108040K6EB2Wide.jpg | R21: https://whipworks.s3.us-east-2.amazonaws.com/gallery/specialty/BW108040K6EB2Transition.jpg | T21: https://whipworks.s3.us-east-2.amazonaws.com/gallery/specialty/BW108040K6EB2Handle.jpg | U21: https://whipworks.s3.us-east-2.amazonaws.com/gallery/specialty/BW108040K6EB2Handle2.jpg | V21: https://whipworks.s3.us-east-2.amazonaws.com/gallery/specialty/BW108040K6EB2Handle3.jpg | W21: https://whipworks.s3.us-east-2.amazonaws.com/gallery/specialty/BW108040K6EB2Concho.jpg | X21: https://whipworks.s3.us-east-2.amazonaws.com/gallery/specialty/BW108040K6EB2Concho2.jpg | Y21: https://whipworks.s3.us-east-2.amazonaws.com/gallery/specialty/BW108040K6EB2Heel.jpg
A22: BW1106(GW12Circus1) | B22: Circus | C22: Glow | D22: circusWhip | H22: Custom (Jacques ze Whipper) | L22: =IFERROR(VLOOKUP(K22,Conchos!$A$2:$B$100,2,FALSE),"") | N22: Squared | P22: https://whipworks.s3.us-east-2.amazonaws.com/gallery/specialty/BW1106GW12Circus1Wide.jpg | R22: https://whipworks.s3.us-east-2.amazonaws.com/gallery/specialty/BW1106GW12Circus1Transition.jpg | T22: https://whipworks.s3.us-east-2.amazonaws.com/gallery/specialty/BW1106GW12Circus1Handle.jpg | W22: https://whipworks.s3.us-east-2.amazonaws.com/gallery/specialty/BW1106GW12Circus1Concho.jpg | Y22: https://whipworks.s3.us-east-2.amazonaws.com/gallery/specialty/BW1106GW12Circus1Heel.jpg | Z22: Made-to-order glow-in-the-dark whip; fully customizable (colour, handle design, concho, waxing). Pictured build is a custom handle design for whip performer Jacques ze Whipper. UV shot: https://whipworks.s3.us-east-2.amazonaws.com/gallery/specialty/BW1106GW12Circus1WideUV.jpg | Glowing shot: https://whipworks.s3.us-east-2.amazonaws.com/gallery/specialty/BW1106GW12Circus1WideGlowing.jpg
L23: =IFERROR(VLOOKUP(K23,Conchos!$A$2:$B$100,2,FALSE),"")
L24: =IFERROR(VLOOKUP(K24,Conchos!$A$2:$B$100,2,FALSE),"")
L25: =IFERROR(VLOOKUP(K25,Conchos!$A$2:$B$100,2,FALSE),"")
L26: =IFERROR(VLOOKUP(K26,Conchos!$A$2:$B$100,2,FALSE),"")
L27: =IFERROR(VLOOKUP(K27,Conchos!$A$2:$B$100,2,FALSE),"")
L28: =IFERROR(VLOOKUP(K28,Conchos!$A$2:$B$100,2,FALSE),"")
L29: =IFERROR(VLOOKUP(K29,Conchos!$A$2:$B$100,2,FALSE),"")
L30: =IFERROR(VLOOKUP(K30,Conchos!$A$2:$B$100,2,FALSE),"")
L31: =IFERROR(VLOOKUP(K31,Conchos!$A$2:$B$100,2,FALSE),"")
L32: =IFERROR(VLOOKUP(K32,Conchos!$A$2:$B$100,2,FALSE),"")
L33: =IFERROR(VLOOKUP(K33,Conchos!$A$2:$B$100,2,FALSE),"")
L34: =IFERROR(VLOOKUP(K34,Conchos!$A$2:$B$100,2,FALSE),"")
... L10000: =IFERROR(VLOOKUP(K10000,Conchos!$A$2:$B$100,2,FALSE),"")

Sheet Bullwhips
A1: Whip ID | B1: Type | C1: Primary Color | D1: Secondary Color | E1: Handle Design | F1: Whip Length | G1: Handle Length | H1: Concho | I1: Concho Diameter (in) | J1: Collar | K1: Heel Loop | L1: Waxed | M1: Photo: Wide | N1: Photo: Wide 2 | O1: Photo: Transition | P1: Photo: Thong | Q1: Photo: Handle | R1: Photo: Handle 2 | S1: Photo: Concho | T1: Photo: Heel | U1: Notes
A2: concho-505-512 | B2: break | I2: =IFERROR(VLOOKUP(H2,Conchos!$A$2:$B$100,2,FALSE),"") | M2: https://d3ruufruf2uqog.cloudfront.net/gallery/bullwhip/BW505-512Concho.jpg | U2: BREAK: Conchos from left to right; Celtic Silver, Celtic Brass, Celtic Brass, Celtic Copper, Bright, Celtic Copper, Dragon, Celtic Copper
A3: BW543 | B3: bullwhip | C3: Neon Pink | D3: Black | E3: Celtic | F3: 5 Feet | G3: 8 Inches | H3: Wave Silver | I3: =IFERROR(VLOOKUP(H3,Conchos!$A$2:$B$100,2,FALSE),"") -> 0 | J3: None | K3: Squared | L3: Yes | M3: https://d3ruufruf2uqog.cloudfront.net/gallery/bullwhip/BW543Wide.jpg | O3: https://d3ruufruf2uqog.cloudfront.net/gallery/bullwhip/BW543Transition.jpg | Q3: https://d3ruufruf2uqog.cloudfront.net/gallery/bullwhip/BW543Handle.jpg
A4: BW544 | B4: bullwhip | C4: Black | D4: Charcoal Grey | E4: Celtic | F4: 8 Feet | G4: 10 Inches | H4: Celtic Silver | I4: =IFERROR(VLOOKUP(H4,Conchos!$A$2:$B$100,2,FALSE),"") -> 0 | J4: None | K4: Squared | L4: Yes | M4: https://d3ruufruf2uqog.cloudfront.net/gallery/bullwhip/BW544Wide.jpg | O4: https://d3ruufruf2uqog.cloudfront.net/gallery/bullwhip/BW544Transition.jpg | Q4: https://d3ruufruf2uqog.cloudfront.net/gallery/bullwhip/BW544Handle.jpg
A5: BW547 | B5: bullwhip | C5: Coyote Brown | E5: Box | F5: 6 Feet | G5: 12 Inches | H5: Celtic Silver | I5: =IFERROR(VLOOKUP(H5,Conchos!$A$2:$B$100,2,FALSE),"") -> 0 | J5: None | K5: Squared | L5: Yes | M5: https://d3ruufruf2uqog.cloudfront.net/gallery/bullwhip/BW547Wide.jpg | O5: https://d3ruufruf2uqog.cloudfront.net/gallery/bullwhip/BW547Transition.jpg | Q5: https://d3ruufruf2uqog.cloudfront.net/gallery/bullwhip/BW547Handle.jpg
A6: BW548 | B6: bullwhip | C6: Rust | D6: Black | E6: Neo Celtic | F6: 7 Feet | G6: 10 Inches | H6: Celtic Brass | I6: =IFERROR(VLOOKUP(H6,Conchos!$A$2:$B$100,2,FALSE),"") -> 0 | J6: Brass | K6: Squared | L6: Yes | M6: https://d3ruufruf2uqog.cloudfront.net/gallery/bullwhip/BW548Wide.jpg | O6: https://d3ruufruf2uqog.cloudfront.net/gallery/bullwhip/BW548Transition.jpg | Q6: https://d3ruufruf2uqog.cloudfront.net/gallery/bullwhip/BW548Handle.jpg
A7: BW549 | B7: bullwhip | C7: White | D7: Black | E7: Egyptian Eye | F7: 6 Feet | G7: 10 Inches | H7: Celtic Silver | I7: =IFERROR(VLOOKUP(H7,Conchos!$A$2:$B$100,2,FALSE),"") -> 0 | J7: None | K7: Squared | L7: Yes | M7: https://d3ruufruf2uqog.cloudfront.net/gallery/bullwhip/BW549Wide.jpg | O7: https://d3ruufruf2uqog.cloudfront.net/gallery/bullwhip/BW549Transition.jpg | Q7: https://d3ruufruf2uqog.cloudfront.net/gallery/bullwhip/BW549Handle.jpg
A8: concho-591-596 | B8: break | I8: =IFERROR(VLOOKUP(H8,Conchos!$A$2:$B$100,2,FALSE),"") | M8: https://d3ruufruf2uqog.cloudfront.net/gallery/bullwhip/BW591-596Concho.jpg | U8: BREAK: Conchos from top to bottom; Celtic Copper, American Eagle, Celtic Silver, Celtic Silver, Pirate Skull, Celtic Silver
A9: BW591 | B9: bullwhip | C9: Charcoal Grey | D9: Turquoise | E9: Egyptian Eye | F9: 6 Feet | G9: 10 Inches | H9: Celtic Silver | I9: =IFERROR(VLOOKUP(H9,Conchos!$A$2:$B$100,2,FALSE),"") -> 0 | J9: None | K9: Squared | L9: Yes | M9: https://d3ruufruf2uqog.cloudfront.net/gallery/bullwhip/BW591Wide.jpg | O9: https://d3ruufruf2uqog.cloudfront.net/gallery/bullwhip/BW591Transition.jpg | Q9: https://d3ruufruf2uqog.cloudfront.net/gallery/bullwhip/BW591Handle.jpg
A10: BW592 | B10: bullwhip | C10: Rust | E10: Box | F10: 8 Feet | G10: 8 Inches | H10: Celtic Copper | I10: =IFERROR(VLOOKUP(H10,Conchos!$A$2:$B$100,2,FALSE),"") -> 0 | J10: None | K10: Rounded with Heel Loop | L10: Yes | M10: https://d3ruufruf2uqog.cloudfront.net/gallery/bullwhip/BW592Wide.jpg | O10: https://d3ruufruf2uqog.cloudfront.net/gallery/bullwhip/BW592Transition.jpg | Q10: https://d3ruufruf2uqog.cloudfront.net/gallery/bullwhip/BW592Handle.jpg
A11: BW593 | B11: bullwhip | C11: Black | D11: Goldenrod | E11: Egyptian Eye | F11: 8 Feet | G11: 12 Inches | H11: American Eagle | I11: =IFERROR(VLOOKUP(H11,Conchos!$A$2:$B$100,2,FALSE),"") -> 0 | J11: None | K11: Squared | L11: Yes | M11: https://d3ruufruf2uqog.cloudfront.net/gallery/bullwhip/BW593Wide.jpg | O11: https://d3ruufruf2uqog.cloudfront.net/gallery/bullwhip/BW593Transition.jpg | Q11: https://d3ruufruf2uqog.cloudfront.net/gallery/bullwhip/BW593Handle.jpg
A12: BW594 | B12: bullwhip | C12: Black | E12: Vertical Strip | F12: 8 Feet | G12: 10 Inches | H12: Celtic Silver | I12: =IFERROR(VLOOKUP(H12,Conchos!$A$2:$B$100,2,FALSE),"") -> 0 | J12: None | K12: Squared | L12: Yes | M12: https://d3ruufruf2uqog.cloudfront.net/gallery/bullwhip/BW594Wide.jpg | O12: https://d3ruufruf2uqog.cloudfront.net/gallery/bullwhip/BW594Transition.jpg | Q12: https://d3ruufruf2uqog.cloudfront.net/gallery/bullwhip/BW594Handle.jpg
A13: BW595 | B13: bullwhip | C13: Black | D13: International Orange | E13: Box | F13: 4 Feet | G13: 12 Inches | H13: Celtic Silver | I13: =IFERROR(VLOOKUP(H13,Conchos!$A$2:$B$100,2,FALSE),"") -> 0 | J13: None | K13: Squared | L13: Yes | M13: https://d3ruufruf2uqog.cloudfront.net/gallery/bullwhip/BW595Wide.jpg | O13: https://d3ruufruf2uqog.cloudfront.net/gallery/bullwhip/BW595Transition.jpg | Q13: https://d3ruufruf2uqog.cloudfront.net/gallery/bullwhip/BW595Handle.jpg
A14: BW596 | B14: bullwhip | C14: Neon Orange | D14: Neon Green | E14: Celtic | F14: 6 Feet | G14: 10 Inches | H14: Pirate Skull | I14: =IFERROR(VLOOKUP(H14,Conchos!$A$2:$B$100,2,FALSE),"") -> 0 | J14: None | K14: Squared | L14: Yes | M14: https://d3ruufruf2uqog.cloudfront.net/gallery/bullwhip/BW596Wide.jpg | O14: https://d3ruufruf2uqog.cloudfront.net/gallery/bullwhip/BW596Transition.jpg | Q14: https://d3ruufruf2uqog.cloudfront.net/gallery/bullwhip/BW596Handle.jpg
A15: concho-597-302 | B15: break | I15: =IFERROR(VLOOKUP(H15,Conchos!$A$2:$B$100,2,FALSE),"") | M15: https://d3ruufruf2uqog.cloudfront.net/gallery/bullwhip/BW597-302Concho.jpg | U15: BREAK: Conchos from left to right; Celtic Silver, Celtic Brass, Celtic Brass, Celtic Copper, Pirate Skull, Bright
A16: BW601 | B16: bullwhip | C16: Copperhead | D16: Rust | E16: Accent | F16: 7 Feet | G16: 10 Inches | H16: Celtic Copper | I16: =IFERROR(VLOOKUP(H16,Conchos!$A$2:$B$100,2,FALSE),"") -> 0 | J16: None | K16: Squared | L16: Yes | M16: https://d3ruufruf2uqog.cloudfront.net/gallery/bullwhip/BW601Wide.jpg | O16: https://d3ruufruf2uqog.cloudfront.net/gallery/bullwhip/BW601Transition.jpg | Q16: https://d3ruufruf2uqog.cloudfront.net/gallery/bullwhip/BW601Handle.jpg
A17: BW605 | B17: bullwhip | C17: Acid Purple | D17: Neon Orange | E17: Web of Wyrd | F17: 8 Feet | G17: 14 Inches | H17: Celtic Copper | I17: =IFERROR(VLOOKUP(H17,Conchos!$A$2:$B$100,2,FALSE),"") -> 0 | J17: None | K17: Squared | L17: Yes | M17: https://d3ruufruf2uqog.cloudfront.net/gallery/bullwhip/BW605Wide.jpg | O17: https://d3ruufruf2uqog.cloudfront.net/gallery/bullwhip/BW605Transition.jpg | Q17: https://d3ruufruf2uqog.cloudfront.net/gallery/bullwhip/BW605Handle.jpg
A18: BW608 | B18: bullwhip | C18: White | D18: Caribbean | E18: Celtic | F18: 6 Feet | G18: 8 Inches | H18: Celtic Silver | I18: =IFERROR(VLOOKUP(H18,Conchos!$A$2:$B$100,2,FALSE),"") -> 0 | J18: None | K18: Squared | L18: Yes | M18: https://d3ruufruf2uqog.cloudfront.net/gallery/bullwhip/BW608Wide.jpg | O18: https://d3ruufruf2uqog.cloudfront.net/gallery/bullwhip/BW608Transition.jpg | Q18: https://d3ruufruf2uqog.cloudfront.net/gallery/bullwhip/BW608Handle.jpg
A19: FW33 | B19: fantasy | C19: Midnight Blue | D19: Black | E19: Celtic | F19: 4 Feet | G19: 8 Inches | H19: Wolf Pommel | I19: =IFERROR(VLOOKUP(H19,Conchos!$A$2:$B$100,2,FALSE),"") -> 0 | J19: None | L19: Yes | M19: https://d3ruufruf2uqog.cloudfront.net/gallery/bullwhip/FW33Wide.jpg | O19: https://d3ruufruf2uqog.cloudfront.net/gallery/bullwhip/FW33Transition.jpg | Q19: https://d3ruufruf2uqog.cloudfront.net/gallery/bullwhip/FW33Handle.jpg
I20: =IFERROR(VLOOKUP(H20,Conchos!$A$2:$B$100,2,FALSE),"")
I21: =IFERROR(VLOOKUP(H21,Conchos!$A$2:$B$100,2,FALSE),"")
I22: =IFERROR(VLOOKUP(H22,Conchos!$A$2:$B$100,2,FALSE),"")
I23: =IFERROR(VLOOKUP(H23,Conchos!$A$2:$B$100,2,FALSE),"")
I24: =IFERROR(VLOOKUP(H24,Conchos!$A$2:$B$100,2,FALSE),"")
I25: =IFERROR(VLOOKUP(H25,Conchos!$A$2:$B$100,2,FALSE),"")
I26: =IFERROR(VLOOKUP(H26,Conchos!$A$2:$B$100,2,FALSE),"")
I27: =IFERROR(VLOOKUP(H27,Conchos!$A$2:$B$100,2,FALSE),"")
I28: =IFERROR(VLOOKUP(H28,Conchos!$A$2:$B$100,2,FALSE),"")
I29: =IFERROR(VLOOKUP(H29,Conchos!$A$2:$B$100,2,FALSE),"")
I30: =IFERROR(VLOOKUP(H30,Conchos!$A$2:$B$100,2,FALSE),"")
I31: =IFERROR(VLOOKUP(H31,Conchos!$A$2:$B$100,2,FALSE),"")
... I10000: =IFERROR(VLOOKUP(H10000,Conchos!$A$2:$B$100,2,FALSE),"")

Sheet Stockwhips
A1: Whip ID | B1: Primary Color | C1: Secondary Color | D1: Handle Design | E1: Thong Length | F1: Handle Length | G1: Handle Finish | H1: Concho | I1: Concho Diameter (in) | J1: Heel Loop | K1: Waxed | L1: Photo: Wide | M1: Photo: Wide 1x1 | N1: Photo: Keeper | O1: Photo: Heel | P1: Photo: Handle Mid | Q1: Photo: Handle Heel | R1: Notes
A2: SW7-8 | B2: Black | D2: Herringbone | E2: 4 Feet 6 Inches | F2: 18 Inches | G2: Red Oak | H2: Celtic Silver | I2: =IFERROR(VLOOKUP(H2,Conchos!$A$2:$B$100,2,FALSE),"") -> 0 | J2: Squared | K2: Yes | M2: https://d3ruufruf2uqog.cloudfront.net/gallery/stockwhip/SW7-8Wide1x1.jpg
A3: SW9-10 | B3: Black | D3: Herringbone | E3: 5 Feet | F3: 18 Inches | G3: Summer Oak | H3: Celtic Silver | I3: =IFERROR(VLOOKUP(H3,Conchos!$A$2:$B$100,2,FALSE),"") -> 0 | J3: Squared | K3: Yes | M3: https://d3ruufruf2uqog.cloudfront.net/gallery/stockwhip/SW9-10Wide1x1.jpg
A4: SW11-12 | B4: Black | D4: Herringbone | E4: 4 Feet 6 Inches | F4: 18 Inches | G4: Kona | H4: Celtic Silver | I4: =IFERROR(VLOOKUP(H4,Conchos!$A$2:$B$100,2,FALSE),"") -> 0 | J4: Squared | K4: Yes | M4: https://d3ruufruf2uqog.cloudfront.net/gallery/stockwhip/SW11-12Wide1x1.jpg
A5: SW15 | B5: Imperial Red | C5: Black | D5: Emerald | E5: 4 Feet 6 Inches | F5: 18 Inches | G5: Kona | H5: Celtic Silver | I5: =IFERROR(VLOOKUP(H5,Conchos!$A$2:$B$100,2,FALSE),"") -> 0 | J5: Squared | K5: Yes | L5: https://d3ruufruf2uqog.cloudfront.net/gallery/stockwhip/SW15Wide.jpg | N5: https://d3ruufruf2uqog.cloudfront.net/gallery/stockwhip/SW15Keeper.jpg | O5: https://d3ruufruf2uqog.cloudfront.net/gallery/stockwhip/SW15Heel.jpg | Q5: https://d3ruufruf2uqog.cloudfront.net/gallery/stockwhip/SW15HandleHeel.jpg
A6: SW21-22 | B6: Black | C6: Emerald Green | D6: Celtic | E6: 5 Feet | F6: 18 Inches | G6: Kona | H6: Celtic Brass | I6: =IFERROR(VLOOKUP(H6,Conchos!$A$2:$B$100,2,FALSE),"") -> 0 | J6: Squared | K6: Yes | L6: https://d3ruufruf2uqog.cloudfront.net/gallery/stockwhip/SW21-22Wide.jpg | N6: https://d3ruufruf2uqog.cloudfront.net/gallery/stockwhip/SW21-22Keeper.jpg | P6: https://d3ruufruf2uqog.cloudfront.net/gallery/stockwhip/SW21-22HandleMid.jpg | Q6: https://d3ruufruf2uqog.cloudfront.net/gallery/stockwhip/SW21-22HandleHeel.jpg
I7: =IFERROR(VLOOKUP(H7,Conchos!$A$2:$B$100,2,FALSE),"")
I8: =IFERROR(VLOOKUP(H8,Conchos!$A$2:$B$100,2,FALSE),"")
I9: =IFERROR(VLOOKUP(H9,Conchos!$A$2:$B$100,2,FALSE),"")
I10: =IFERROR(VLOOKUP(H10,Conchos!$A$2:$B$100,2,FALSE),"")
I11: =IFERROR(VLOOKUP(H11,Conchos!$A$2:$B$100,2,FALSE),"")
I12: =IFERROR(VLOOKUP(H12,Conchos!$A$2:$B$100,2,FALSE),"")
I13: =IFERROR(VLOOKUP(H13,Conchos!$A$2:$B$100,2,FALSE),"")
I14: =IFERROR(VLOOKUP(H14,Conchos!$A$2:$B$100,2,FALSE),"")
I15: =IFERROR(VLOOKUP(H15,Conchos!$A$2:$B$100,2,FALSE),"")
I16: =IFERROR(VLOOKUP(H16,Conchos!$A$2:$B$100,2,FALSE),"")
I17: =IFERROR(VLOOKUP(H17,Conchos!$A$2:$B$100,2,FALSE),"")
I18: =IFERROR(VLOOKUP(H18,Conchos!$A$2:$B$100,2,FALSE),"")
... I10000: =IFERROR(VLOOKUP(H10000,Conchos!$A$2:$B$100,2,FALSE),"")

Sheet Snakewhips
A1: Whip ID | B1: Primary Color | C1: Secondary Color | D1: Handle Design | E1: Whip Length | F1: Concho | G1: Concho Diameter (in) | H1: Heel Loop | I1: Waxed | J1: Photo: Wide | K1: Photo: Concho | L1: Photo: Heel | M1: Notes
A2: SnW1 | B2: Black | C2: Imperial Red | D2: Herringbone | E2: 3 Feet | F2: Celtic Silver | G2: =IFERROR(VLOOKUP(F2,Conchos!$A$2:$B$100,2,FALSE),"") -> 0 | H2: Squared | I2: Yes | J2: https://d3ruufruf2uqog.cloudfront.net/gallery/snakewhip/SnW1Wide.jpg | K2: https://d3ruufruf2uqog.cloudfront.net/gallery/snakewhip/SnW1Concho.jpg | L2: https://d3ruufruf2uqog.cloudfront.net/gallery/snakewhip/SnW1Heel.jpg
A3: SnW2 | B3: Black | C3: Caribbean | D3: Herringbone | E3: 4 Feet | F3: Celtic Silver | G3: =IFERROR(VLOOKUP(F3,Conchos!$A$2:$B$100,2,FALSE),"") -> 0 | H3: Squared | I3: Yes | J3: https://d3ruufruf2uqog.cloudfront.net/gallery/snakewhip/SnW2Wide.jpg | K3: https://d3ruufruf2uqog.cloudfront.net/gallery/snakewhip/SnW2Concho.jpg | L3: https://d3ruufruf2uqog.cloudfront.net/gallery/snakewhip/SnW2Heel.jpg
A4: SnW29 | B4: Black | C4: Neon Pink | D4: Herringbone | E4: 12 Feet | F4: Shield | G4: =IFERROR(VLOOKUP(F4,Conchos!$A$2:$B$100,2,FALSE),"") -> 0 | H4: Squared | I4: Yes | J4: https://d3ruufruf2uqog.cloudfront.net/gallery/snakewhip/SnW29Wide.jpg | K4: https://d3ruufruf2uqog.cloudfront.net/gallery/snakewhip/SnW29Concho.jpg | L4: https://d3ruufruf2uqog.cloudfront.net/gallery/snakewhip/SnW29Heel.jpg
G5: =IFERROR(VLOOKUP(F5,Conchos!$A$2:$B$100,2,FALSE),"")
G6: =IFERROR(VLOOKUP(F6,Conchos!$A$2:$B$100,2,FALSE),"")
G7: =IFERROR(VLOOKUP(F7,Conchos!$A$2:$B$100,2,FALSE),"")
G8: =IFERROR(VLOOKUP(F8,Conchos!$A$2:$B$100,2,FALSE),"")
G9: =IFERROR(VLOOKUP(F9,Conchos!$A$2:$B$100,2,FALSE),"")
G10: =IFERROR(VLOOKUP(F10,Conchos!$A$2:$B$100,2,FALSE),"")
G11: =IFERROR(VLOOKUP(F11,Conchos!$A$2:$B$100,2,FALSE),"")
G12: =IFERROR(VLOOKUP(F12,Conchos!$A$2:$B$100,2,FALSE),"")
G13: =IFERROR(VLOOKUP(F13,Conchos!$A$2:$B$100,2,FALSE),"")
G14: =IFERROR(VLOOKUP(F14,Conchos!$A$2:$B$100,2,FALSE),"")
G15: =IFERROR(VLOOKUP(F15,Conchos!$A$2:$B$100,2,FALSE),"")
G16: =IFERROR(VLOOKUP(F16,Conchos!$A$2:$B$100,2,FALSE),"")
... G10000: =IFERROR(VLOOKUP(F10000,Conchos!$A$2:$B$100,2,FALSE),"")

Sheet Floggers
A1: Whip ID | B1: Notes
A2: (structure TBD when Phase 5A flogger section ships — will mirror Bullwhips with handle/lashing-specific columns)

Sheet Conchos
A1: Name | B1: Diameter (in) | C1: Notes
A2: Celtic Brass
A3: Celtic Copper
A4: Celtic Silver
A5: Bright
A6: Swirl
A7: Wave Brass
A8: Wave Silver
A9: Cross
A10: American Eagle
A11: Lady Liberty
A12: Dragon
A13: Buck
... A20: Cobra Pommel

Sheet _Lookups
A1: Colors | B1: Handles_BW | C1: Handles_SW | D1: Handles_SnW | E1: Conchos_BW | F1: Conchos_Other | G1: Collars | H1: HeelLoops | I1: BW_Lengths | J1: BW_HandleLengths | K1: SW_ThongLengths | L1: SW_HandleLengths | M1: SW_Finishes | N1: SnW_Lengths | O1: SpecialtyTags | P1: BW_Types | Q1: YesNo
A2: Acid Brown | B2: Accent | C2: Box | D2: Herringbone | E2: Celtic Brass | F2: Celtic Brass | G2: None | H2: Squared | I2: 4 Feet | J2: 8 Inches | K2: 3 Feet | L2: 16 Inches | M2: Summer Oak | N2: 3 Feet | O2: Indy | P2: bullwhip | Q2: Yes
A3: Acid Purple | B3: Box | C3: Celtic | D3: Celtic | E3: Celtic Copper | F3: Celtic Copper | G3: Silver | H3: Squared with Heel Loop | I3: 5 Feet | J3: 10 Inches | K3: 3 Feet 6 Inches | L3: 18 Inches | M3: Red Oak | N3: 3 Feet 6 Inches | O3: OWB | P3: fantasy | Q3: No
A4: Black | B4: Celtic | C4: Egyptian Eye | D4: Neo Celtic | E4: Celtic Silver | F4: Celtic Silver | G4: Copper | H4: Rounded | I4: 6 Feet | J4: 12 Inches | K4: 4 Feet | L4: 20 Inches | M4: Kona | N4: 4 Feet | O4: BS | P4: break
A5: Burgundy | B5: Egyptian Eye | C5: Emerald | D5: Valknut | E5: Bright | F5: Bright | G5: Brass | H5: Rounded with Heel Loop | I5: 7 Feet | J5: 14 Inches | K5: 4 Feet 6 Inches | N5: 4 Feet 6 Inches | O5: JB
A6: Caribbean | B6: Emerald | C6: Herringbone | D6: Web of Wyrd | E6: Swirl | F6: Swirl | I6: 8 Feet | K6: 5 Feet | N6: 5 Feet | O6: HQ
A7: Charcoal Grey | B7: Herringbone | C7: Neo Celtic | E7: Wave Brass | F7: Wave Brass | I7: 10 Feet | K7: 5 Feet 6 Inches | N7: 6 Feet | O7: ZW
A8: Colonial Blue | B8: Neo Celtic | C8: Valknut | E8: Wave Silver | F8: Wave Silver | I8: 12 Feet | K8: 6 Feet | N8: 7 Feet | O8: NL
A9: Copperhead | B9: Valknut | C9: Vertical Strip | E9: Cross | F9: Cross | K9: 7 Feet | N9: 8 Feet | O9: Mando
A10: Coyote Brown | B10: Vertical Strip | E10: American Eagle | F10: American Eagle | K10: 8 Feet | N10: 10 Feet | O10: CW
A11: Crimson | B11: Web of Wyrd | E11: Lady Liberty | F11: Lady Liberty | K11: 10 Feet | N11: 12 Feet | O11: Belmont
A12: Emerald Green | E12: Dragon | F12: Dragon | O12: Pride
A13: Foliage Green | E13: Buck | F13: Buck | O13: SS
A14: Forest Green | E14: Elk | F14: Elk | O14: Ultra
A15: Galaxy | E15: Fish | F15: Fish | O15: EB
A16: Gold | E16: Flaming Skull | F16: Flaming Skull
A17: Goldenrod | E17: Pirate Skull | F17: Pirate Skull
A18: Imperial Red | E18: Shield | F18: Shield
A19: International Orange | E19: Wolf Pommel
A20: Khaki | E20: Cobra Pommel
A21: Lilac
A22: Midnight Blue
A23: Moss Green
A24: Neon Green
A25: Neon Orange
A26: Neon Pink
A27: Neon Turquoise
A28: Olive Drab
A29: Orange Blaze Camo
A30: Rose Pink
A31: Royal Blue
A32: Rust
... A38: Yellow
